Student_ID,Name,Maths,Science,English,Total,Percentage,Grade
101,Ravi,85,78,90,253,84.33333333333334,A
102,Priya,92,88,95,275,91.66666666666666,A+
103,Arjun,70,65,72,207,69.0,C
104,Sneha,88,91,84,263,87.66666666666667,A
105,Kiran,60,58,65,183,61.0,C
